tingkatan,theme_name,bidang_code,bidang_name,standard_kandungan_code,standard_kandungan_name,standard_pembelajaran_code,standard_pembelajaran_name
4,Keselamatan dan Kesihatan,1.0,Langkah Keselamatan dalam Makmal,1.1,Peralatan perlindungan diri,1.1.1,Menjelaskan dengan contoh peralatan perlindungan diri serta fungsinya
4,Keselamatan dan Kesihatan,1.0,Langkah Keselamatan dalam Makmal,1.2,Pembuangan bahan sisa,1.2.1,Menjelaskan dengan contoh bahan yang boleh dibuang ke dalam sinki
4,Keselamatan dan Kesihatan,1.0,Langkah Keselamatan dalam Makmal,1.2,Pembuangan bahan sisa,1.2.2,Mencirikan bahan yang tidak boleh dibuang ke dalam sinki
4,Keselamatan dan Kesihatan,1.0,Langkah Keselamatan dalam Makmal,1.2,Pembuangan bahan sisa,1.2.3,Mengurus bahan sisa biologi
4,Keselamatan dan Kesihatan,1.0,Langkah Keselamatan dalam Makmal,1.2,Pembuangan bahan sisa,1.2.4,Berkomunikasi mengenai langkah mengurus kemalangan dalam makmal
4,Keselamatan dan Kesihatan,1.0,Langkah Keselamatan dalam Makmal,1.3,Pemadam kebakaran,1.3.1,Berkomunikasi mengenai jenis pemadam kebakaran
4,Keselamatan dan Kesihatan,1.0,Langkah Keselamatan dalam Makmal,1.3,Pemadam kebakaran,1.3.2,Menerangkan kaedah penggunaan pemadam kebakaran
4,Keselamatan dan Kesihatan,1.0,Langkah Keselamatan dalam Makmal,1.3,Pemadam kebakaran,1.3.3,Menjalankan audit alat pemadam kebakaran di sekolah
4,Keselamatan dan Kesihatan,1.0,Langkah Keselamatan dalam Makmal,1.3,Pemadam kebakaran,1.3.4,Mencipta alat pemadam kebakaran ringkas
4,Keselamatan dan Kesihatan,2.0,Bantuan Kecemasan,2.1,Resusitasi Kardiopulmonari (CPR),2.1.1,Menyatakan apakah itu CPR dan situasi yang memerlukan CPR
4,Keselamatan dan Kesihatan,2.0,Bantuan Kecemasan,2.1,Resusitasi Kardiopulmonari (CPR),2.1.2,Mendemonstrasi kaedah CPR
4,Keselamatan dan Kesihatan,2.0,Bantuan Kecemasan,2.1,Resusitasi Kardiopulmonari (CPR),2.1.3,Menerangkan kepentingan CPR
4,Keselamatan dan Kesihatan,2.0,Bantuan Kecemasan,2.2,Heimlich Maneuver,2.2.1,Menerangkan Heimlich Maneuver dan kepentingannya
4,Keselamatan dan Kesihatan,2.0,Bantuan Kecemasan,2.2,Heimlich Maneuver,2.2.2,Membuat demonstrasi Heimlich Maneuver
4,Keselamatan dan Kesihatan,3.0,Teknik Mengukur Parameter Kesihatan Badan,3.1,Suhu badan,3.1.1,Mengukur suhu badan menggunakan teknik yang betul
4,Keselamatan dan Kesihatan,3.0,Teknik Mengukur Parameter Kesihatan Badan,3.1,Suhu badan,3.1.2,Menginterpretasi suhu badan
4,Keselamatan dan Kesihatan,3.0,Teknik Mengukur Parameter Kesihatan Badan,3.2,Kadar denyutan nadi,3.2.1,Mengenal pasti titik nadi pada badan
4,Keselamatan dan Kesihatan,3.0,Teknik Mengukur Parameter Kesihatan Badan,3.2,Kadar denyutan nadi,3.2.2,Menjalankan eksperimen bagi menentukan kadar denyutan nadi manusia
4,Keselamatan dan Kesihatan,3.0,Teknik Mengukur Parameter Kesihatan Badan,3.3,Tekanan darah,3.3.1,Mengenal pasti alat mengukur tekanan darah
4,Keselamatan dan Kesihatan,3.0,Teknik Mengukur Parameter Kesihatan Badan,3.3,Tekanan darah,3.3.2,Mengukur dan merekod tekanan darah
4,Keselamatan dan Kesihatan,3.0,Teknik Mengukur Parameter Kesihatan Badan,3.3,Tekanan darah,3.3.3,Menginterpretasi data daripada bacaan tekanan darah
4,Keselamatan dan Kesihatan,3.0,Teknik Mengukur Parameter Kesihatan Badan,3.4,Indeks Jisim Badan (BMI),3.4.1,Mengira dan menentukan Indeks Jisim Badan
4,Keselamatan dan Kesihatan,3.0,Teknik Mengukur Parameter Kesihatan Badan,3.4,Indeks Jisim Badan (BMI),3.4.2,Menginterpretasi Indeks Jisim Badan dan membuat keputusan mengenai tindakan yang perlu diambil
4,Penyenggaraan dan Kesinambungan Hidup,4.0,Teknologi Hijau dalam Melestarikan Alam,4.1,Kelestarian Alam Sekitar,4.1.1,Mendefinisikan dan mewajarkan Teknologi Hijau dalam kehidupan
4,Penyenggaraan dan Kesinambungan Hidup,4.0,Teknologi Hijau dalam Melestarikan Alam,4.1,Kelestarian Alam Sekitar,4.1.2,Menghubung kait kecekapan tenaga dengan Teknologi Hijau
4,Penyenggaraan dan Kesinambungan Hidup,4.0,Teknologi Hijau dalam Melestarikan Alam,4.1,Kelestarian Alam Sekitar,4.1.3,Mengenal pasti sektor dalam Teknologi Hijau
4,Penyenggaraan dan Kesinambungan Hidup,4.0,Teknologi Hijau dalam Melestarikan Alam,4.2,Sektor Tenaga,4.2.1,Memerihalkan isu sosiosaintifik
4,Penyenggaraan dan Kesinambungan Hidup,4.0,Teknologi Hijau dalam Melestarikan Alam,4.2,Sektor Tenaga,4.2.2,Menerangkan isu sosiosaintifik dalam sektor tenaga
4,Penyenggaraan dan Kesinambungan Hidup,4.0,Teknologi Hijau dalam Melestarikan Alam,4.2,Sektor Tenaga,4.2.3,Mewajarkan aplikasi Teknologi Hijau dalam menangani isu sosiosaintifik sektor tenaga
4,Penyenggaraan dan Kesinambungan Hidup,4.0,Teknologi Hijau dalam Melestarikan Alam,4.3,Sektor Pengurusan Sisa dan Air Sisa,4.3.1,Menerangkan isu sosiosaintifik dalam sektor pengurusan sisa dan air sisa
4,Penyenggaraan dan Kesinambungan Hidup,4.0,Teknologi Hijau dalam Melestarikan Alam,4.3,Sektor Pengurusan Sisa dan Air Sisa,4.3.2,Mewajarkan aplikasi Teknologi Hijau dalam menangani isu sosiosaintifik sektor pengurusan sisa dan air sisa
4,Penyenggaraan dan Kesinambungan Hidup,4.0,Teknologi Hijau dalam Melestarikan Alam,4.4,Sektor Pertanian dan Perhutanan,4.4.1,Menerangkan isu sosiosaintifik dalam sektor pertanian dan perhutanan
4,Penyenggaraan dan Kesinambungan Hidup,4.0,Teknologi Hijau dalam Melestarikan Alam,4.4,Sektor Pertanian dan Perhutanan,4.4.2,Mewajarkan aplikasi Teknologi Hijau dalam menangani isu sosiosaintifik sektor pertanian dan perhutanan
4,Penyenggaraan dan Kesinambungan Hidup,4.0,Teknologi Hijau dalam Melestarikan Alam,4.5,Sektor Pengangkutan,4.5.1,Menerangkan isu sosiosaintifik dalam sektor pengangkutan
4,Penyenggaraan dan Kesinambungan Hidup,4.0,Teknologi Hijau dalam Melestarikan Alam,4.5,Sektor Pengangkutan,4.5.2,Mewajarkan aplikasi Teknologi Hijau dalam menangani isu sosiosaintifik sektor pengangkutan
4,Penyenggaraan dan Kesinambungan Hidup,4.0,Teknologi Hijau dalam Melestarikan Alam,4.6,Teknologi Hijau dan Kehidupan,4.6.1,Mewajarkan peranan setiap individu dalam menangani fenomena pemanasan global dan perubahan iklim
4,Penyenggaraan dan Kesinambungan Hidup,5.0,Genetik,5.1,Pembahagian sel,5.1.1,"Menerangkan gen, asid deoksiribonukleik (DNA) dan kromosom"
4,Penyenggaraan dan Kesinambungan Hidup,5.0,Genetik,5.1,Pembahagian sel,5.1.2,Menerangkan proses mitosis dan meiosis
4,Penyenggaraan dan Kesinambungan Hidup,5.0,Genetik,5.1,Pembahagian sel,5.1.3,Membanding dan membezakan mitosis dengan meiosis
4,Penyenggaraan dan Kesinambungan Hidup,5.0,Genetik,5.1,Pembahagian sel,5.1.4,Menerangkan kepentingan mitosis dan meiosis
4,Penyenggaraan dan Kesinambungan Hidup,5.0,Genetik,5.2,Pewarisan,5.2.1,Menerangkan pewarisan dalam manusia
4,Penyenggaraan dan Kesinambungan Hidup,5.0,Genetik,5.2,Pewarisan,5.2.2,Menerangkan pewarisan ciri daripada ibu bapa kepada anak
4,Penyenggaraan dan Kesinambungan Hidup,5.0,Genetik,5.2,Pewarisan,5.2.3,Menerangkan mekanisme pewarisan
4,Penyenggaraan dan Kesinambungan Hidup,5.0,Genetik,5.2,Pewarisan,5.2.4,Menerangkan kepentingan pewarisan kepada hidupan
4,Penyenggaraan dan Kesinambungan Hidup,5.0,Genetik,5.2,Pewarisan,5.2.5,Menghubung kait pewarisan dengan penyakit baka
4,Penyenggaraan dan Kesinambungan Hidup,5.0,Genetik,5.3,Mutasi,5.3.1,Menerangkan maksud mutasi
4,Penyenggaraan dan Kesinambungan Hidup,5.0,Genetik,5.3,Mutasi,5.3.2,Menerangkan jenis mutasi dan kesannya
4,Penyenggaraan dan Kesinambungan Hidup,5.0,Genetik,5.3,Mutasi,5.3.3,Menerangkan faktor yang menyebabkan mutasi
4,Penyenggaraan dan Kesinambungan Hidup,5.0,Genetik,5.4,Teknologi Kejuruteraan Genetik,5.4.1,Menerangkan teknologi kejuruteraan genetik
4,Penyenggaraan dan Kesinambungan Hidup,5.0,Genetik,5.4,Teknologi Kejuruteraan Genetik,5.4.2,Membahaskan kesan teknologi kejuruteraan genetik dalam kehidupan
4,Penyenggaraan dan Kesinambungan Hidup,5.0,Genetik,5.5,Variasi,5.5.1,Menerangkan maksud variasi
4,Penyenggaraan dan Kesinambungan Hidup,5.0,Genetik,5.5,Variasi,5.5.2,Menerangkan faktor yang menyebabkan variasi
4,Penyenggaraan dan Kesinambungan Hidup,5.0,Genetik,5.5,Variasi,5.5.3,Menghubung kait variasi dengan kemandirian spesies
4,Penyenggaraan dan Kesinambungan Hidup,6.0,"Sokongan, Pergerakan dan Pertumbuhan",6.1,"Sokongan, Pergerakan dan Pertumbuhan Haiwan",6.1.1,Menerangkan jenis sokongan pada haiwan
4,Penyenggaraan dan Kesinambungan Hidup,6.0,"Sokongan, Pergerakan dan Pertumbuhan",6.1,"Sokongan, Pergerakan dan Pertumbuhan Haiwan",6.1.2,Membandingkan sistem sokongan haiwan vertebrata dan invertebrata
4,Penyenggaraan dan Kesinambungan Hidup,6.0,"Sokongan, Pergerakan dan Pertumbuhan",6.1,"Sokongan, Pergerakan dan Pertumbuhan Haiwan",6.1.3,Menghubung kait sistem sokongan dengan saiz haiwan
4,Penyenggaraan dan Kesinambungan Hidup,6.0,"Sokongan, Pergerakan dan Pertumbuhan",6.1,"Sokongan, Pergerakan dan Pertumbuhan Haiwan",6.1.4,Menerangkan fungsi rangka dalam pergerakan haiwan
4,Penyenggaraan dan Kesinambungan Hidup,6.0,"Sokongan, Pergerakan dan Pertumbuhan",6.1,"Sokongan, Pergerakan dan Pertumbuhan Haiwan",6.1.5,Menghubung kait struktur rangka dengan pergerakan haiwan
4,Penyenggaraan dan Kesinambungan Hidup,6.0,"Sokongan, Pergerakan dan Pertumbuhan",6.1,"Sokongan, Pergerakan dan Pertumbuhan Haiwan",6.1.6,Menjalankan eksperimen untuk membandingkan kekuatan tulang yang padat dan tulang yang berongga
4,Penyenggaraan dan Kesinambungan Hidup,6.0,"Sokongan, Pergerakan dan Pertumbuhan",6.2,Pergerakan dan Pertumbuhan Manusia,6.2.1,Menerangkan sistem sokongan dan pergerakan manusia
4,Penyenggaraan dan Kesinambungan Hidup,6.0,"Sokongan, Pergerakan dan Pertumbuhan",6.2,Pergerakan dan Pertumbuhan Manusia,6.2.2,"Menerangkan fungsi sendi, ligamen, tendon dan otot dalam pergerakan"
4,Penyenggaraan dan Kesinambungan Hidup,6.0,"Sokongan, Pergerakan dan Pertumbuhan",6.2,Pergerakan dan Pertumbuhan Manusia,6.2.3,Menerangkan masalah berkaitan sistem sokongan manusia
4,Penyenggaraan dan Kesinambungan Hidup,6.0,"Sokongan, Pergerakan dan Pertumbuhan",6.3,"Sokongan, Pertumbuhan dan Kestabilan dalam Tumbuhan",6.3.1,Menerangkan sistem sokongan dalam tumbuhan
4,Penyenggaraan dan Kesinambungan Hidup,6.0,"Sokongan, Pergerakan dan Pertumbuhan",6.3,"Sokongan, Pertumbuhan dan Kestabilan dalam Tumbuhan",6.3.2,Menentukan usia tumbuhan berdasarkan gelang pertumbuhan
4,Penyenggaraan dan Kesinambungan Hidup,6.0,"Sokongan, Pergerakan dan Pertumbuhan",6.3,"Sokongan, Pertumbuhan dan Kestabilan dalam Tumbuhan",6.3.3,Menerangkan kepentingan sistem sokongan dalam tumbuhan
4,Penyenggaraan dan Kesinambungan Hidup,6.0,"Sokongan, Pergerakan dan Pertumbuhan",6.3,"Sokongan, Pertumbuhan dan Kestabilan dalam Tumbuhan",6.3.4,Menjalankan eksperimen untuk mendapatkan pola pertumbuhan tumbuhan
4,Penyenggaraan dan Kesinambungan Hidup,7.0,Koordinasi Badan,7.1,Sistem Endokrin Manusia,7.1.1,Menerangkan sistem endokrin manusia
4,Penyenggaraan dan Kesinambungan Hidup,7.0,Koordinasi Badan,7.1,Sistem Endokrin Manusia,7.1.2,Menerangkan fungsi hormon yang dirembeskan oleh kelenjar endokrin
4,Penyenggaraan dan Kesinambungan Hidup,7.0,Koordinasi Badan,7.2,Gangguan kepada Sistem Koordinasi Badan,7.2.1,Menerangkan punca dan kesan ketidakseimbangan hormon
4,Penyenggaraan dan Kesinambungan Hidup,7.0,Koordinasi Badan,7.2,Gangguan kepada Sistem Koordinasi Badan,7.2.2,Menerangkan kesan penyalahgunaan dadah dan alkohol terhadap koordinasi badan
4,Penyenggaraan dan Kesinambungan Hidup,7.0,Koordinasi Badan,7.2,Gangguan kepada Sistem Koordinasi Badan,7.2.3,Menerangkan kesan penyalahgunaan bahan terhadap kesihatan
4,Penyenggaraan dan Kesinambungan Hidup,7.0,Koordinasi Badan,7.2,Gangguan kepada Sistem Koordinasi Badan,7.2.4,Mewajarkan kepentingan menghindari penyalahgunaan bahan
4,Penyenggaraan dan Kesinambungan Hidup,7.0,Koordinasi Badan,7.3,Minda yang Sihat,7.3.1,Menerangkan maksud minda yang sihat
4,Penyenggaraan dan Kesinambungan Hidup,7.0,Koordinasi Badan,7.3,Minda yang Sihat,7.3.2,Mewajarkan kepentingan minda yang sihat dalam kehidupan
4,Penerokaan Unsur dalam Alam,8.0,Unsur dan Bahan,8.1,Asas Jirim,8.1.1,Menerangkan zarah subatom dalam atom
4,Penerokaan Unsur dalam Alam,8.0,Unsur dan Bahan,8.1,Asas Jirim,8.1.2,"Membandingkan atom, molekul dan ion"
4,Penerokaan Unsur dalam Alam,8.0,Unsur dan Bahan,8.1,Asas Jirim,8.1.3,Menerangkan kewujudan isotop dan kegunaannya
4,Penerokaan Unsur dalam Alam,8.0,Unsur dan Bahan,8.2,Jadual Berkala Unsur Moden,8.2.1,Menerangkan perkembangan Jadual Berkala Unsur Moden
4,Penerokaan Unsur dalam Alam,8.0,Unsur dan Bahan,8.2,Jadual Berkala Unsur Moden,8.2.2,Menerangkan prinsip susunan unsur dalam Jadual Berkala Unsur Moden
4,Penerokaan Unsur dalam Alam,8.0,Unsur dan Bahan,8.2,Jadual Berkala Unsur Moden,8.2.3,Menerangkan kumpulan dan kala dalam Jadual Berkala Unsur Moden
4,Penerokaan Unsur dalam Alam,9.0,Kimia Industri,9.1,Aloi,9.1.1,Menerangkan maksud aloi
4,Penerokaan Unsur dalam Alam,9.0,Kimia Industri,9.1,Aloi,9.1.2,Menjalankan eksperimen untuk membandingkan ciri-ciri aloi dan logam tulennya
4,Penerokaan Unsur dalam Alam,9.0,Kimia Industri,9.1,Aloi,9.1.3,Mewajarkan penggunaan aloi dalam kehidupan harian
4,Penerokaan Unsur dalam Alam,9.0,Kimia Industri,9.2,Kaca dan Seramik,9.2.1,Menerangkan komposisi kaca dan seramik
4,Penerokaan Unsur dalam Alam,9.0,Kimia Industri,9.2,Kaca dan Seramik,9.2.2,Mewajarkan penggunaan kaca dan seramik dalam kehidupan harian
4,Penerokaan Unsur dalam Alam,9.0,Kimia Industri,9.3,Polimer,9.3.1,Menerangkan maksud polimer
4,Penerokaan Unsur dalam Alam,9.0,Kimia Industri,9.3,Polimer,9.3.2,Menerangkan kegunaan polimer dalam kehidupan harian
4,Penerokaan Unsur dalam Alam,9.0,Kimia Industri,9.3,Polimer,9.3.3,Mewajarkan kepentingan penggunaan polimer secara lestari
4,Penerokaan Unsur dalam Alam,10.0,Kimia dalam Perubatan dan Kesihatan,10.1,"Perubatan Tradisional, Moden dan Komplementari",10.1.1,"Menerangkan perubatan tradisional, perubatan moden dan perubatan komplementari"
4,Penerokaan Unsur dalam Alam,10.0,Kimia dalam Perubatan dan Kesihatan,10.1,"Perubatan Tradisional, Moden dan Komplementari",10.1.2,"Mewajarkan penggunaan perubatan tradisional, moden dan komplementari"
4,Penerokaan Unsur dalam Alam,10.0,Kimia dalam Perubatan dan Kesihatan,10.2,Radikal Bebas,10.2.1,Menerangkan maksud radikal bebas
4,Penerokaan Unsur dalam Alam,10.0,Kimia dalam Perubatan dan Kesihatan,10.2,Radikal Bebas,10.2.2,Menerangkan kesan radikal bebas terhadap kesihatan manusia
4,Penerokaan Unsur dalam Alam,10.0,Kimia dalam Perubatan dan Kesihatan,10.3,Bahan Antioksidan,10.3.1,Menerangkan bahan antioksidan
4,Penerokaan Unsur dalam Alam,10.0,Kimia dalam Perubatan dan Kesihatan,10.3,Bahan Antioksidan,10.3.2,Menerangkan tindakan bahan antioksidan terhadap radikal bebas
4,Penerokaan Unsur dalam Alam,10.0,Kimia dalam Perubatan dan Kesihatan,10.3,Bahan Antioksidan,10.3.3,Mewajarkan pengambilan bahan antioksidan dalam kehidupan harian
4,Penerokaan Unsur dalam Alam,10.0,Kimia dalam Perubatan dan Kesihatan,10.4,Produk Kesihatan,10.4.1,Mewajarkan penggunaan produk kesihatan dalam kehidupan harian
4,Tenaga dan Kelestarian Hidup,11.0,Daya dan Gerakan,11.1,Gerakan Linear,11.1.1,Menerangkan perbezaan jarak dan sesaran
4,Tenaga dan Kelestarian Hidup,11.0,Daya dan Gerakan,11.1,Gerakan Linear,11.1.2,"Menerangkan laju, halaju dan pecutan"
4,Tenaga dan Kelestarian Hidup,11.0,Daya dan Gerakan,11.2,Graf Gerakan Linear,11.2.1,Mentafsir graf gerakan linear
4,Tenaga dan Kelestarian Hidup,11.0,Daya dan Gerakan,11.2,Graf Gerakan Linear,11.2.2,"Menganalisis graf gerakan linear untuk menentukan laju, halaju dan pecutan"
4,Tenaga dan Kelestarian Hidup,11.0,Daya dan Gerakan,11.3,Pecutan Graviti dan Jatuh Bebas,11.3.1,"Menjalankan eksperimen untuk menentukan nilai pecutan graviti bumi, g"
4,Tenaga dan Kelestarian Hidup,11.0,Daya dan Gerakan,11.3,Pecutan Graviti dan Jatuh Bebas,11.3.2,Menerangkan maksud jatuh bebas
4,Tenaga dan Kelestarian Hidup,11.0,Daya dan Gerakan,11.3,Pecutan Graviti dan Jatuh Bebas,11.3.3,Menjalankan eksperimen untuk mengkaji keadaan jatuh bebas dan bukan jatuh bebas
4,Tenaga dan Kelestarian Hidup,11.0,Daya dan Gerakan,11.4,Jisim dan Inersia,11.4.1,Menerangkan maksud inersia
4,Tenaga dan Kelestarian Hidup,11.0,Daya dan Gerakan,11.4,Jisim dan Inersia,11.4.2,Menghubung kait jisim dengan inersia
4,Tenaga dan Kelestarian Hidup,11.0,Daya dan Gerakan,11.4,Jisim dan Inersia,11.4.3,Menjalankan eksperimen untuk mengkaji hubungan antara jisim dengan inersia
4,Tenaga dan Kelestarian Hidup,12.0,Tenaga Nuklear,12.1,Penggunaan Tenaga Nuklear,12.1.1,Menerangkan penggunaan tenaga nuklear
4,Tenaga dan Kelestarian Hidup,12.0,Tenaga Nuklear,12.1,Penggunaan Tenaga Nuklear,12.1.2,Mewajarkan penggunaan tenaga nuklear dalam kehidupan harian
4,Tenaga dan Kelestarian Hidup,12.0,Tenaga Nuklear,12.2,Penghasilan Tenaga Nuklear,12.2.1,Menerangkan penghasilan tenaga nuklear melalui pembelahan nukleus dan pelakuran nukleus
4,Tenaga dan Kelestarian Hidup,12.0,Tenaga Nuklear,12.2,Penghasilan Tenaga Nuklear,12.2.2,Membandingkan pembelahan nukleus dengan pelakuran nukleus
4,Tenaga dan Kelestarian Hidup,12.0,Tenaga Nuklear,12.3,Impak Penggunaan Tenaga Nuklear,12.3.1,Menceritakan impak penggunaan senjata nuklear kepada hidupan dan persekitaran
4,Tenaga dan Kelestarian Hidup,12.0,Tenaga Nuklear,12.3,Impak Penggunaan Tenaga Nuklear,12.3.2,Merumuskan impak ujian nuklear ke atas persekitaran
4,Tenaga dan Kelestarian Hidup,12.0,Tenaga Nuklear,12.4,Tenaga Nuklear di Malaysia,12.4.1,Mewajarkan pembinaan stesen janakuasa nuklear di Malaysia
5,Penyenggaraan dan Kesinambungan Hidup,1.0,Mikroorganisma,1.1,Dunia Mikroorganisma,1.1.1,Berkomunikasi mengenai mikroorganisma
5,Penyenggaraan dan Kesinambungan Hidup,1.0,Mikroorganisma,1.1,Dunia Mikroorganisma,1.1.2,Menjalankan eksperimen menunjukkan kewujudan mikroorganisma
5,Penyenggaraan dan Kesinambungan Hidup,1.0,Mikroorganisma,1.1,Dunia Mikroorganisma,1.1.3,Menjalankan eksperimen untuk mengkaji faktor yang mempengaruhi pertumbuhan mikroorganisma
5,Penyenggaraan dan Kesinambungan Hidup,1.0,Mikroorganisma,1.2,Mikroorganisma Berfaedah dan Berbahaya,1.2.1,Mewajarkan aplikasi mikroorganisma berfaedah dalam kehidupan
5,Penyenggaraan dan Kesinambungan Hidup,1.0,Mikroorganisma,1.2,Mikroorganisma Berfaedah dan Berbahaya,1.2.2,Menjana idea potensi kegunaan mikroorganisma dalam bioteknologi
5,Penyenggaraan dan Kesinambungan Hidup,1.0,Mikroorganisma,1.3,Pencegahan dan Rawatan Penyakit,1.3.1,Menerangkan pencegahan penyakit berjangkit
5,Penyenggaraan dan Kesinambungan Hidup,1.0,Mikroorganisma,1.3,Pencegahan dan Rawatan Penyakit,1.3.2,Menerangkan rawatan penyakit berjangkit
5,Penyenggaraan dan Kesinambungan Hidup,1.0,Mikroorganisma,1.3,Pencegahan dan Rawatan Penyakit,1.3.3,Menjalankan eksperimen mengkaji kesan antibiotik terhadap pertumbuhan bakteria
5,Penyenggaraan dan Kesinambungan Hidup,2.0,Nutrisi dan Teknologi Makanan,2.1,Gizi Seimbang dan Nilai Kalori,2.1.1,Menerangkan gizi seimbang dan nilai kalori makanan
5,Penyenggaraan dan Kesinambungan Hidup,2.0,Nutrisi dan Teknologi Makanan,2.1,Gizi Seimbang dan Nilai Kalori,2.1.2,Menjalankan eksperimen untuk menganggarkan nilai kalori dalam sampel makanan
5,Penyenggaraan dan Kesinambungan Hidup,2.0,Nutrisi dan Teknologi Makanan,2.2,Keperluan Nutrien Tumbuhan,2.2.1,Menerangkan keperluan makronutrien dan mikronutrien tumbuhan
5,Penyenggaraan dan Kesinambungan Hidup,2.0,Nutrisi dan Teknologi Makanan,2.2,Keperluan Nutrien Tumbuhan,2.2.2,Menjalankan eksperimen mengenai kesan kekurangan makronutrien kepada tumbuhan
5,Penyenggaraan dan Kesinambungan Hidup,2.0,Nutrisi dan Teknologi Makanan,2.3,Kitar Nitrogen,2.3.1,Menerangkan kitar nitrogen
5,Penyenggaraan dan Kesinambungan Hidup,2.0,Nutrisi dan Teknologi Makanan,2.3,Kitar Nitrogen,2.3.2,Menerangkan kepentingan kitar nitrogen dalam kehidupan
5,Penyenggaraan dan Kesinambungan Hidup,2.0,Nutrisi dan Teknologi Makanan,2.4,Teknologi Pengeluaran Makanan,2.4.1,Menerangkan teknologi pengeluaran makanan
5,Penyenggaraan dan Kesinambungan Hidup,2.0,Nutrisi dan Teknologi Makanan,2.4,Teknologi Pengeluaran Makanan,2.4.2,Mewajarkan penggunaan teknologi pengeluaran makanan
5,Penyenggaraan dan Kesinambungan Hidup,2.0,Nutrisi dan Teknologi Makanan,2.4,Teknologi Pengeluaran Makanan,2.4.3,Menerangkan kaedah meningkatkan kualiti dan kuantiti pengeluaran makanan
5,Penyenggaraan dan Kesinambungan Hidup,2.0,Nutrisi dan Teknologi Makanan,2.4,Teknologi Pengeluaran Makanan,2.4.4,Mencadangkan inovasi dalam teknologi pengeluaran makanan
5,Penyenggaraan dan Kesinambungan Hidup,2.0,Nutrisi dan Teknologi Makanan,2.5,Teknologi Pemprosesan Makanan,2.5.1,Menerangkan teknologi pemprosesan makanan
5,Penyenggaraan dan Kesinambungan Hidup,2.0,Nutrisi dan Teknologi Makanan,2.5,Teknologi Pemprosesan Makanan,2.5.2,Mewajarkan penggunaan teknologi pemprosesan makanan
5,Penyenggaraan dan Kesinambungan Hidup,2.0,Nutrisi dan Teknologi Makanan,2.6,Makanan Kesihatan dan Suplemen Kesihatan,2.6.1,Menerangkan makanan kesihatan dan suplemen kesihatan
5,Penyenggaraan dan Kesinambungan Hidup,2.0,Nutrisi dan Teknologi Makanan,2.6,Makanan Kesihatan dan Suplemen Kesihatan,2.6.2,Mewajarkan penggunaan makanan kesihatan dan suplemen kesihatan
5,Penyenggaraan dan Kesinambungan Hidup,3.0,Kelestarian Alam,3.1,Kitar Hayat Produk,3.1.1,Menerangkan konsep jejak karbon
5,Penyenggaraan dan Kesinambungan Hidup,3.0,Kelestarian Alam,3.1,Kitar Hayat Produk,3.1.2,Menerangkan kitar hayat produk
5,Penyenggaraan dan Kesinambungan Hidup,3.0,Kelestarian Alam,3.2,Pencemaran Alam Sekitar,3.2.1,Menerangkan pencemaran alam sekitar
5,Penyenggaraan dan Kesinambungan Hidup,3.0,Kelestarian Alam,3.2,Pencemaran Alam Sekitar,3.2.2,Menganalisis tahap pencemaran alam sekitar
5,Penyenggaraan dan Kesinambungan Hidup,3.0,Kelestarian Alam,3.2,Pencemaran Alam Sekitar,3.2.3,Mewajarkan langkah mengawal pencemaran alam sekitar
5,Penyenggaraan dan Kesinambungan Hidup,3.0,Kelestarian Alam,3.3,Pemeliharaan dan Pemuliharaan Alam Sekitar,3.3.1,Menerangkan pemeliharaan dan pemuliharaan alam sekitar
5,Penyenggaraan dan Kesinambungan Hidup,3.0,Kelestarian Alam,3.3,Pemeliharaan dan Pemuliharaan Alam Sekitar,3.3.2,Mewajarkan kepentingan pemeliharaan dan pemuliharaan alam sekitar
5,Penerokaan Unsur dalam Alam,4.0,Kadar Tindak Balas,4.1,Pengenalan Kadar Tindak Balas,4.1.1,Menerangkan maksud kadar tindak balas
5,Penerokaan Unsur dalam Alam,4.0,Kadar Tindak Balas,4.1,Pengenalan Kadar Tindak Balas,4.1.2,Menentukan kadar tindak balas daripada data eksperimen
5,Penerokaan Unsur dalam Alam,4.0,Kadar Tindak Balas,4.2,Faktor yang Mempengaruhi Kadar Tindak Balas,4.2.1,Menjalankan eksperimen untuk mengkaji faktor yang mempengaruhi kadar tindak balas
5,Penerokaan Unsur dalam Alam,4.0,Kadar Tindak Balas,4.3,Aplikasi Kadar Tindak Balas,4.3.1,Mewajarkan aplikasi kadar tindak balas dalam kehidupan harian
5,Penerokaan Unsur dalam Alam,5.0,Sebatian Karbon,5.1,Sebatian Karbon Organik,5.1.1,Menerangkan sebatian karbon organik dan sebatian karbon tak organik
5,Penerokaan Unsur dalam Alam,5.0,Sebatian Karbon,5.1,Sebatian Karbon Organik,5.1.2,Mengelaskan sebatian karbon kepada organik dan tak organik
5,Penerokaan Unsur dalam Alam,5.0,Sebatian Karbon,5.2,Hidrokarbon,5.2.1,Menerangkan maksud hidrokarbon
5,Penerokaan Unsur dalam Alam,5.0,Sebatian Karbon,5.2,Hidrokarbon,5.2.2,Menerangkan siri homolog alkana dan alkena
5,Penerokaan Unsur dalam Alam,5.0,Sebatian Karbon,5.2,Hidrokarbon,5.2.3,Menerangkan sifat kimia alkana dan alkena
5,Penerokaan Unsur dalam Alam,5.0,Sebatian Karbon,5.2,Hidrokarbon,5.2.4,Mewajarkan kegunaan hidrokarbon dalam kehidupan harian
5,Penerokaan Unsur dalam Alam,5.0,Sebatian Karbon,5.3,Alkohol,5.3.1,Menerangkan maksud alkohol
5,Penerokaan Unsur dalam Alam,5.0,Sebatian Karbon,5.3,Alkohol,5.3.2,Menerangkan penghasilan alkohol
5,Penerokaan Unsur dalam Alam,5.0,Sebatian Karbon,5.3,Alkohol,5.3.3,Mewajarkan kesan pengambilan alkohol terhadap kesihatan
5,Penerokaan Unsur dalam Alam,5.0,Sebatian Karbon,5.4,Lemak,5.4.1,Menerangkan maksud lemak
5,Penerokaan Unsur dalam Alam,5.0,Sebatian Karbon,5.4,Lemak,5.4.2,Menerangkan kesan pengambilan lemak tepu dan lemak tak tepu terhadap kesihatan
5,Penerokaan Unsur dalam Alam,5.0,Sebatian Karbon,5.5,Sabun dan Detergen,5.5.1,Menerangkan maksud sabun dan detergen
5,Penerokaan Unsur dalam Alam,5.0,Sebatian Karbon,5.5,Sabun dan Detergen,5.5.2,Menerangkan proses saponifikasi
5,Penerokaan Unsur dalam Alam,5.0,Sebatian Karbon,5.5,Sabun dan Detergen,5.5.3,Menerangkan tindakan pencucian sabun dan detergen
5,Penerokaan Unsur dalam Alam,5.0,Sebatian Karbon,5.5,Sabun dan Detergen,5.5.4,Membandingkan tindakan pencucian sabun dan detergen dalam air lembut dan air liat
5,Penerokaan Unsur dalam Alam,5.0,Sebatian Karbon,5.5,Sabun dan Detergen,5.5.5,Menerangkan bahan tambah dalam detergen
5,Penerokaan Unsur dalam Alam,5.0,Sebatian Karbon,5.5,Sabun dan Detergen,5.5.6,Mewajarkan penggunaan sabun dan detergen dalam kehidupan harian
5,Penerokaan Unsur dalam Alam,5.0,Sebatian Karbon,5.5,Sabun dan Detergen,5.5.7,Menerangkan kesan penggunaan detergen terhadap alam sekitar
5,Penerokaan Unsur dalam Alam,5.0,Sebatian Karbon,5.5,Sabun dan Detergen,5.5.8,Mencadangkan cara mengurangkan kesan penggunaan detergen terhadap alam sekitar
5,Penerokaan Unsur dalam Alam,5.0,Sebatian Karbon,5.5,Sabun dan Detergen,5.5.9,Menjalankan eksperimen untuk menghasilkan sabun melalui proses saponifikasi
5,Penerokaan Unsur dalam Alam,6.0,Elektrokimia,6.1,Sel Elektrokimia,6.1.1,Menerangkan maksud elektrokimia
5,Penerokaan Unsur dalam Alam,6.0,Elektrokimia,6.1,Sel Elektrokimia,6.1.2,Menerangkan sel kimia ringkas
5,Penerokaan Unsur dalam Alam,6.0,Elektrokimia,6.2,Elektrolisis,6.2.1,Menerangkan elektrolisis
5,Penerokaan Unsur dalam Alam,6.0,Elektrokimia,6.2,Elektrolisis,6.2.2,Menerangkan faktor yang mempengaruhi hasil elektrolisis
5,Penerokaan Unsur dalam Alam,6.0,Elektrokimia,6.2,Elektrolisis,6.2.3,Menjalankan eksperimen elektrolisis larutan akueus
5,Penerokaan Unsur dalam Alam,6.0,Elektrokimia,6.3,Aplikasi Elektrokimia dalam Industri,6.3.1,Menerangkan penyaduran elektrik
5,Penerokaan Unsur dalam Alam,6.0,Elektrokimia,6.3,Aplikasi Elektrokimia dalam Industri,6.3.2,Menerangkan penulenan logam menggunakan elektrolisis
5,Penerokaan Unsur dalam Alam,6.0,Elektrokimia,6.3,Aplikasi Elektrokimia dalam Industri,6.3.3,Mewajarkan aplikasi elektrokimia dalam industri
5,Tenaga dan Kelestarian Hidup,7.0,Cahaya dan Optik,7.1,Pembentukan Imej oleh Kanta,7.1.1,Menerangkan pembentukan imej oleh kanta cembung dan kanta cekung
5,Tenaga dan Kelestarian Hidup,7.0,Cahaya dan Optik,7.1,Pembentukan Imej oleh Kanta,7.1.2,Menentukan ciri imej yang dibentuk oleh kanta
5,Tenaga dan Kelestarian Hidup,7.0,Cahaya dan Optik,7.2,Peralatan Optik,7.2.1,Menerangkan penggunaan kanta dalam peralatan optik
5,Tenaga dan Kelestarian Hidup,7.0,Cahaya dan Optik,7.2,Peralatan Optik,7.2.2,Menerangkan prinsip kerja peralatan optik
5,Tenaga dan Kelestarian Hidup,7.0,Cahaya dan Optik,7.2,Peralatan Optik,7.2.3,Mereka bentuk alat optik ringkas
5,Tenaga dan Kelestarian Hidup,8.0,Daya dan Tekanan,8.1,Tekanan dalam Bendalir,8.1.1,Menerangkan tekanan dalam bendalir
5,Tenaga dan Kelestarian Hidup,8.0,Daya dan Tekanan,8.1,Tekanan dalam Bendalir,8.1.2,Menerangkan aplikasi tekanan dalam bendalir
5,Tenaga dan Kelestarian Hidup,8.0,Daya dan Tekanan,8.2,Prinsip Pascal dan Prinsip Archimedes,8.2.1,Menerangkan Prinsip Pascal dan aplikasinya
5,Tenaga dan Kelestarian Hidup,8.0,Daya dan Tekanan,8.2,Prinsip Pascal dan Prinsip Archimedes,8.2.2,Menerangkan Prinsip Archimedes dan aplikasinya
5,Tenaga dan Kelestarian Hidup,8.0,Daya dan Tekanan,8.3,Prinsip Bernoulli,8.3.1,Menerangkan Prinsip Bernoulli
5,Tenaga dan Kelestarian Hidup,8.0,Daya dan Tekanan,8.3,Prinsip Bernoulli,8.3.2,Menerangkan aplikasi Prinsip Bernoulli dalam kehidupan harian
5,Penerokaan Bumi dan Angkasa Lepas,9.0,Teknologi Angkasa Lepas,9.1,Satelit,9.1.1,Menerangkan satelit dan jenis orbit satelit
5,Penerokaan Bumi dan Angkasa Lepas,9.0,Teknologi Angkasa Lepas,9.1,Satelit,9.1.2,Menerangkan fungsi satelit dalam kehidupan harian
5,Penerokaan Bumi dan Angkasa Lepas,9.0,Teknologi Angkasa Lepas,9.2,Sistem Penentududukan Global (GPS),9.2.1,Menerangkan sistem penentududukan global (GPS)
5,Penerokaan Bumi dan Angkasa Lepas,9.0,Teknologi Angkasa Lepas,9.2,Sistem Penentududukan Global (GPS),9.2.2,Menerangkan aplikasi GPS dalam kehidupan harian
5,Penerokaan Bumi dan Angkasa Lepas,9.0,Teknologi Angkasa Lepas,9.3,Roket dan Teknologi Angkasa Lepas,9.3.1,Menerangkan roket dan teknologi pelancaran roket
5,Penerokaan Bumi dan Angkasa Lepas,9.0,Teknologi Angkasa Lepas,9.3,Roket dan Teknologi Angkasa Lepas,9.3.2,Mewajarkan kepentingan teknologi angkasa lepas
